Mixture,B cells naive,B cells memory,Plasma cells,T cells CD8,T cells CD4 naive,T cells CD4 memory resting,T cells CD4 memory activated,T cells follicular helper,T cells regulatory (Tregs),T cells gamma delta,NK cells resting,NK cells activated,Monocytes,Macrophages M0,Macrophages M1,Macrophages M2,Dendritic cells resting,Dendritic cells activated,Mast cells resting,Mast cells activated,Eosinophils,Neutrophils,P-value,Correlation,RMSE
BN_F_A_40,0,0,0,0,0.007516583,0,0.013068006,0.000170937,0,0.020618411,0.001615296,0,0,0,0,0.003336266,0,0,0.004405413,0,0,0.95,0,0.747671192,0.833746335
DBNF___174,0.005650269,0,0,0,0.013050162,0,0.007004962,0,0,0,0.017631319,0,0,0.00395244,0,0,0,0,0.01513751,0,0,0.94,0,0.669843032,0.932701332
D_M__114,0,0,0,0,0,0.038715989,0.004605302,0.010326123,0,0,0,0,0,0,0,0,0,0,0.013758294,0,0,0.93,0,0.738763247,0.832892613
DBN_F_Y_153,0,0.008949673,0,0,0.021717158,0,0.003695911,0.013086269,0,0.001641885,0.012790804,0,0,0,0,0,0,0,0.009058234,0,0,0.93,0,0.873904106,0.602779296
D___128,0,0,0,0,0.007850559,0.010897156,0,0.011676108,0,0.001954528,0,0.005855645,0,0,0,0,0,0,0.033557768,0,0,0.93,0,0.606567138,1.004220228
DF___178,0.002222881,0,0,0,0.020888499,0.000809799,0,0.016924371,0,0.004823229,0.015196554,0,0,0,0,0,0,0,0.011500638,0,0,0.93,0,0.632907346,0.971640221
D___74,0,0.005641645,0,0,0.020567442,0.0078478,0,0.009927599,0,0.006320954,0.003071695,0,0,0,0,0,0,0,0.019446735,0,0,0.93,0,0.795220227,0.742829713
DBP_M__173,0,0,0,0,0.023686848,8.27046817030228e-05,0.013293576,0.001751148,0,0,0.024941708,0,0,0,0,0,0,0,0.010853872,0,0,0.93,0,0.547789625,1.070238948
DBP_M__172,0.012006929,0,0,0,0.014536126,0.002116832,0.0017644,0.002010311,0,0.00234518,0.029868949,0,0,0,0,0.005895732,0,0,0.004283922,0,0,0.93,0,0.761276905,0.795498899
D___103,0,0.015226836,0,0,0.020478129,0,0.001575932,0,0,0,0.009889008,0,0,0,0,0.00644918,0,0,0.021296519,0,0,0.93,0,0.633811291,0.969050487
D___91,0.01119214,0,0,0,0.028367205,0.000106112,0.018195643,0,0,0.001199935,0.010228094,0,0,0,0,0,0,0.000747789,0.006528334,0,0,0.92,0,0.651723165,0.944526209
D_M__75,0.000236061,0,0,0,0.010078325,0.00409302,0.015374324,0.009287287,0,0,0.035281071,0,0,0,0,0,0,0,0.002315272,0,0,0.92,0,0.633109413,0.967972152
D___102,0.000956525,0,0,0,0,0.045994856,0.010511811,0,0,0,0.010539451,0,0,0,0,0,0,0,0.010263343,0,0,0.92,0,0.691973725,0.890404716
DF_M_Y_179,0,0.003997035,0,0,0.017721446,0,0.006459969,0,0,0,0.024022763,0,0,0.008593589,0,0,0,0,0.018133627,0,0,0.92,0,0.687180389,0.897890408
DF___177,0.020826903,0,0,0,0.020198268,0.010936458,0,0.002452544,0,0.000142918,0.024399688,0,0,0,0,0,0,0,0,0,0,0.92,0,0.56234785,1.050864962
D_M_O_107,0,0.01569087,0,0,0.020046663,0,0.006943199,0,0,0,0.023160943,0,0,0,0,0,0,0,0.01332569,0,0,0.92,0,0.645765791,0.950376308
D_F_Y_106,0,0,0,0,0.023191129,0.003694522,0.006025488,0,0,0,0.024963074,0,0,0,0,0.007854132,0,0,0.013706778,0,0,0.92,0,0.649736712,0.945751946
DBN___145,0,0,0.005549374,0,0,0.021435195,0.021462122,0.0056242,0,0,0.012259567,0,0,0,0,0,0,0,0.0136144,0,0,0.92,0,0.788688488,0.747187371
D___136,0.002423217,0,0,0,0,0.033400349,0.013924965,0.005025347,0,0.001839375,0,0,0,0,0,0,0,0.00500436,0.020236499,0,0,0.92,0,0.835378168,0.667363855
D___130,0,0.008310235,0,0,0.028635909,0,0.005712756,0,0,0,0.036320752,0,0,0.003052705,0,0,0,0,0,0,0,0.92,0,0.60495785,0.999042959
D_M_A_116,0,0.007517083,0,0,0.022634585,0.001458176,0.003682722,0,0,0,0.023454936,0,0,0,0,0.008538775,0,0,0.01520407,0,0,0.92,0,0.759263833,0.792731739
D_M_O_117,0,0,0,0,0.018093841,0,0.00971456,0,0,0,0.033616223,0,0,0,0,0,0,0,0.013597235,0,0.008241267,0.92,0,0.738932857,0.822919624
D___135,0.003525827,0,0,0,0,0.03281444,0.016672508,0.004513379,0,0.001728595,0,0,0,0,0,0,0,0.004148297,0.019940937,0,0,0.92,0,0.837673291,0.662109822
BN___51,0.027822812,0,0,0,0.002382694,0.016442567,0,0.002418417,0,0,0.022778331,0,0,0,0,0.010793747,0,0,0.000711691,0,0,0.92,0,0.607480525,0.995413444
DF_F_Y_180,0.022544248,0,0,0,0.011450702,0.003248656,0.00126074,0.009460528,0,0,0.035432387,0,0,0,0,0,0,0,0,0,0,0.92,0,0.545902263,1.066020088
D___90,0,0,0,0,0.0555329,0,0.00359436,0,0,0.013259107,0,0,0,0,0,0.002124891,0,0,0.009086749,0,0,0.92,0,0.53632755,1.076899131
D_F__111,0,0.012210564,0,0,0.018919541,0,0,0,0,0,0.032986879,0,0,0,0,0.00099528,0,0,0.019236409,0,0,0.92,0,0.757958577,0.793193957
D_M__109,0,0,0,0,0.035857015,0.00856295,0,0,0,0,0.040429819,0,0,0,0,0,0,0,0,0,0,0.92,0,0.569081695,1.03883348
D_M__79,0,0.011536707,0,0,0.028993252,0,0.005120274,0,0,0.005793378,0.006177269,0,0,0,0,0.011004806,0,0,0.016239439,0,0,0.92,0,0.852736127,0.634759602
DF___176,0.006562289,0,0,0,0.031459619,0,0.006378829,0.002190614,0,0.001651115,0.014595364,0,0,0,0,0,0,0,0.023815268,0,0,0.91,0,0.724856224,0.839376547
D_F_A_64,0.025663341,0,0,0,0.022725087,0.022615456,0,0,0,0.006560152,0,0,0,0,0,0,0,0,0.009241484,0,0,0.91,0,0.712982812,0.85632186
D_M_O_63,0,0,0,0,0.016035743,0.038366976,0,0,0,0.012397977,0,0.003122764,0,0,0,0,0,0,0.018175598,0,0,0.91,0,0.654299089,0.933270347
DBN_M_A_162,0.036667879,0,0,0,0.006208638,0.016428243,0.012508066,0,0,0.003026019,0,0,0,0,0,0,0,0,0.013426256,0,0,0.91,0,0.674496745,0.906786169
D_M__110,0.022524232,0,0,0,0.004878848,0.022667104,0.016006906,0,0,0,0.010131644,0,0,0,0,0,0,0,0.013011364,0,0,0.91,0,0.580197209,1.021662301
FACS___182,0.013632849,0,0,0,0.029263641,0,0,0.005175503,0,0,0.029154866,0,0,0,0,0.002190518,0,0.008792242,0.001953613,0,0,0.91,0,0.728653414,0.832055256
DBN_F_A_142,0.009390861,0,0,0,0.01618856,0.012059107,0.001025229,0.01449106,0,0.013725212,0.009497159,0,0,0,0,0.000552515,0,0.009704188,0.004378278,0,0,0.91,0,0.893662917,0.548096202
DBN_M_A_152,0,0.014834391,0,0,0.006122449,0.02152062,0,0.018160812,0,0.011546231,0.002739336,0,0,0,0,0,0.000498924,0.00480836,0.011937064,0,0,0.91,0,0.89422867,0.545460519
D_M__113,0.000277826,0,0,0,0.016269482,0,0.022345389,0.015425273,0,0,0.038053748,0,0,0,0,0,0,0,0,0,0,0.91,0,0.67232799,0.906240695
D_M__76,0.002058666,0,0,0,0.040972961,0,0.008578644,0,0,0.010490209,0.017645562,0,0,0,0,0,0,0,0.012892194,0,0,0.91,0,0.84914193,0.635750122
DBN_F_A_141,0.009151811,0,0,0,0.018820349,0.014315615,0.001091086,0.01376145,0,0.01383236,0.011278197,0,0,0,0,0,0,0.009199013,0.001230725,0,0,0.91,0,0.893190014,0.547974791
D_M__115,0.001818083,0,0,0,0.008152917,0.033534952,0.001130115,0,0,0.011666699,0,0.007276239,0,0,0,0,0,0,0.029542613,0,0,0.91,0,0.800927644,0.719493655
D___73,0,0,0,0,0,0.030840906,0.004927773,0.012540994,0,0.00850014,0,0.004417843,0,0,0,0,0,0,0.03211353,0,0,0.91,0,0.662567823,0.918321984
D_M__112,0.029084389,0,0,0,0,0.030935363,0.01187983,0,0,0,0.006039969,0,0,0,0,0,0,0.003516618,0.011924251,0,0,0.91,0,0.780990531,0.750758879
D___71,0.004924397,0,0,0,0.013872635,0.018631375,0.006104211,0.004770344,0,0.013331702,0,0,0,0,0,0,0,0,0.032212779,0,0,0.91,0,0.681836127,0.893218572
DBN_F_Y_155,0,0.017940332,0,0,0.014541492,0.031830935,0,0.007428938,0,0.004323752,0.005314484,0,0,0,0,0,0,0.004866891,0.00787557,0,0,0.91,0,0.87582117,0.582473588
D_F_A_104,0,0,0,0,0.03011735,0.023465201,0.004907846,0,0,0,0.036105474,0,0,0,0,0,0,0,0,0,0,0.91,0,0.619458494,0.971720504
D___101,0.00026509,0,0,0,0.005276196,0.035327352,0.01860398,1.12170843688591e-05,0,0,0.024741975,0,0,0,0,0.001147679,0,0,0.010073199,0,0,0.9,0,0.629797411,0.957727532
DBN_M_A_159,0.000295566,0,0,0,0.023505671,0,0,0,0,0.010153829,0,0.018752708,0,0,0,0,0,0,0.043806994,0,0,0.9,0,0.560771506,1.039651574
DF_F_A_181,0.012260255,0,0,0,0.032935343,0,0.007242319,0.000901197,0,0.006909838,0.022884074,0,0,0,0,0.005743527,0,0,0.007742648,0,0,0.9,0,0.584462035,1.012219171
DBN_M_O_157,0,0,0,0,0.008644671,0.015792349,0.023232989,0.003033798,0,0.013288571,0.008925137,0,0,0,0,0,0,0.007169406,0.01799231,0,0,0.9,0,0.88718957,0.556242537
DBN_M_Y_154,0,0.006462659,0,0,0.000674197,0.036676607,0.016717755,0.007345829,0,0.006821227,0,0,0,0,0,0,0,0.006296409,0.017238053,0,0,0.9,0,0.898731933,0.530698531
D___72,0.022685849,0,0,0,0.014209388,0.002363151,0,0.010045701,0,0.009508838,0.011369109,0,0,0,0,0,0,0.009396101,0.018679957,0,0,0.9,0,0.75915595,0.781659819
D_F__82,0.019070084,0,0,0,0.02329709,0.005073506,0,0.001178471,0,0.006572019,0.000228499,0,0,0,0,0.016707917,0,0.001387953,0.024827937,0,0,0.9,0,0.738278418,0.813270999
BN_F_O_42,0,0,0,0,0.017595096,0.004482595,0.001648938,0,0,0.028511234,0,0.012075111,0,0,0,0.004925908,0,0.001533096,0.028717685,0,0.001140979,0.9,0,0.762365312,0.776483843
BN___27,0,0.012866843,0,0,0.022307672,0,0.001603155,0,0,0.002889333,0.034371563,0,0,0,0,0.008365942,0,0,0.019259293,0,0,0.9,0,0.834683729,0.656549022
BN___24,0,0.009879973,0,0,0.023661401,0,0,0.001093765,0,0,0.02839422,0.009240501,0,0,0,0.006540135,0,0,0.023033761,0,0,0.9,0,0.795795806,0.722426919
D_M_O_105,0,0.030234494,0,0,0.000631585,0.031190518,0.011996474,0.003856105,0,0,0.010257697,0,0,0,0,0,0,0.002031905,0.011659591,0,0,0.9,0,0.799828857,0.714304547
DBNF___175,0.027425888,0,0,0,0.030708532,0,0.017963535,0,0,0,0.022689641,0,0,0,0,0,0,0,0.004152769,0,0,0.9,0,0.599789899,0.9887239
BN___9,0,0,0,0,0.023119017,0,0.006654085,0,0,0,0.024973373,0,0,0.004557676,0,0,0,0,0.014142104,0,0.030056277,0.9,0,0.721386662,0.836910975
BN___25,0,0,0,0,0.049363436,0,0.004374522,0.001364904,0,0.011590546,0.005716259,0,0,0,0,0,0,0.001610569,0.029889163,0,0,0.9,0,0.848321438,0.629548195
BN___54,0.001375706,0,0,0,0,0.069464415,0.000295288,0,0,0,0,0.012854699,0,0,0,0,0,0,0.021214614,0,0,0.89,0,0.58648215,1.002497544
D_M__108,0,0,0,0,0.022239088,0,0,0.017613588,0,0,0.037326302,0,0,0,0,0,0,0,0,0,0.028322052,0.89,0,0.704520054,0.858257507
DBN_F_A_151,0,0.006456927,0,0,0.038008274,0,5.52345980995469e-05,0.006386637,0,0.012057634,0.019490277,0,0.007343285,0,0,0,0,0.009307897,0.007680747,0,0,0.89,0,0.885485281,0.556396042
BN___52,0,0.014085168,0,0,0.011605929,0.023808251,0.006581553,0,0,0,0.03160861,0,0,0,0,0.002324265,0,0,0.017059076,0,0,0.89,0,0.639984929,0.937146282
BN___26,0,0.001524659,0,0,0.052271792,0,0.004352002,0,0,0.015380693,0,0.001326344,0,0,0,0,0,0.004199025,0.029432416,0,0,0.89,0,0.868523778,0.587966462
DBN_M_Y_156,0,0.015780576,0,0,0.027904172,0,0,0.017437853,0,0.011078233,0,0.006129183,0,0,0,0.02116661,0,0,0.010296521,0,0,0.89,0,0.894344408,0.534479047
BN___30,0.002089664,0,0,0,0.040282749,0,0.019119596,0.00142047,0,0.013379542,0.014826939,0,0,0,0,0,0,0.010952339,0.007786688,0,0,0.89,0,0.868813168,0.586313285
FACS___184,0.018699234,0,0,0,0.022954869,0,0.015187293,0,0,0.004306486,0,0,0,0,0,0.016502426,0,0.010844787,0.021704498,0,0,0.89,0,0.546359131,1.045554601
BN___16,0,0.008321933,0,0,0.026021031,0,0.007511697,0,0,0,0.043412953,0,0,0,0,0.007457826,0,0,0.01761058,0,0,0.89,0,0.845123798,0.63175815
D_M__78,0,0.013481651,0,0,0,0.033284081,0,0.009939918,0,0.012741924,0,0.00353398,0.019235431,0,0,0,0,0,0.018204831,0,0,0.89,0,0.796437177,0.718927928
BN___37,0,0,0,0,0,0.043841786,0.011533609,0,0,0,0.008485763,0,0,0,0,0,0,0,0.028885041,0,0.019100667,0.89,0,0.775853291,0.748277192
BN___55,0,0.007700148,0,0,0.011762229,0.02034286,0,0,0,0,0,0.02413662,0.006580846,0,0,0,0,0,0.043048356,0,0,0.89,0,0.642870021,0.93069674
BN___32,0.005938319,0,0,0,0.039990704,0.00097457,0.014339461,0,0,0.017950643,0.004639016,0,0,0,0,0,0,0.005218089,0.025142761,0,0,0.89,0,0.868350224,0.584442131
BN___29,0,0,0,0,0.039628379,0.004754483,0.010010686,0,0,0.016604193,0.008585608,0,0,0,0,0,0,0.009602526,0.025509542,0,0,0.89,0,0.86522718,0.590406471
BN___28,0,0.011006463,8.95912234069158e-05,0,0.032441485,0,0.007465044,0,0,0.013330688,0.041589284,0,0,0,0,0.002949767,0,0.000103262,0.007310634,0,0,0.88,0,0.857862165,0.604472661
DBP_M__171,0.007103371,0,0,0,0.014525024,0,0,0,0.016040705,0.002148979,0,0.03284572,0,0,0,0,0,0,0.043699193,0,0,0.88,0,0.67483228,0.887059699
BN_M_O_36,0,0.011136125,0,0,0,0.016758148,0,0.026373793,0,0.008491301,0,0.025497464,0,0,0,0,0.001324753,0,0,0.027089262,0,0.88,0,0.775099297,0.745993825
D_M__81,0.002714659,0,0,0,0.053652585,0,0.012710806,0,0,0.020470898,0,0,0,0,0,0,0,0,0.027935654,0,0,0.88,0,0.739824182,0.796985845
BN___33,0,0.018080864,0,0,0.033454003,0,0.003563232,0,0,0.012623507,0.040809258,0,0,0,0,0.007831153,0,0,0.002038969,0,0,0.88,0,0.858381169,0.602431646
DBN___143,0.04006927,0,0.000828765,0,0.005707093,0.013417431,0.021518615,0.001304097,0,0.000451322,0.025749494,0,0,0,0,0,0,0.010120175,0,0,0,0.88,0,0.77200148,0.747620548
BN___53,0,0.016399312,0,0,0.027523723,0.016543257,0.003250713,0,0,0,0.025360842,0,0,0,0,0.010157642,0,0,0.020070043,0,0,0.88,0,0.564011111,1.018548314
DBN___144,0.0398892,0,0.002277986,0,0.004866633,0.014572444,0.021579342,0.001673443,0,0.000610212,0.02449737,0,0,0,0,0,0,0.00985085,0,0,0,0.88,0,0.770502835,0.74938353
D___138,0,0,0,0,0.0144139,0.040273742,0.017785924,0.01062211,0,0.01538272,0,0,0,0,0,0,0,0.005602622,0.016163637,0,0,0.88,0,0.879956219,0.556519369
DBN_F_A_139,0.013933849,0,0,0,0.015939378,0.016327944,0.003505455,0.010958935,0,0,0.032900112,0,0,0,0,0,0,0.000344176,0,0.026378867,0,0.88,0,0.858790805,0.600223857
DBN_F_A_140,0.004888582,0,0,0,0.016884282,0.016908482,0.010043808,0.009007141,0,0,0.035533776,0,0,0,0,0,0,0,0,0.027713882,0,0.88,0,0.857561991,0.602059652
BN___31,0,0.003750798,0,0,0.042388495,0.010636114,0.006068677,0,0,0.019874147,0,0.007142616,0,0,0,0,0,0.003559327,0.027681903,0,0,0.88,0,0.851249991,0.613194397
D_M_A_118,0.052132778,0,0,0,0.011832367,0,0.003084401,0,0,0,0.040522879,0,0,0,0,0,0,0.00833571,0,0.007074327,0,0.88,0,0.608891215,0.964793573
BN___19,0,0,0,0,0.032452195,0.014084187,0.012267416,0.006212438,0,0.017965761,0,0.007644339,0,0,0,0,0,0.002668629,0.02976808,0,0,0.88,0,0.836816251,0.638020667
FACS___183,0.052897047,0,0,0,0.048970546,0,0.003544789,0,0,0,4.74792316821467e-05,0,0,0,0,0.014561606,0,0,0.004922399,0,0,0.88,0,0.474305315,1.111989896
BN___22,0.011019525,0,0,0,0.047114705,0,0.011033066,0.001530699,0,0.003524754,0.012176259,0,0,0,0,0,0,0.012157306,0.026868064,0,0,0.87,0,0.868860435,0.575962353
BN_M_O_35,0,0.00210852,0,0,0,0.019711403,0.002862292,0.018365475,0,0,0.033128722,0,0,0,0,0,0.001768644,0,0.011220748,0,0.038332522,0.87,0,0.768083562,0.752801282
BN___14,0,0.014108253,0,0,0.023043315,0.015428076,0.009700716,0.009973059,0,0.011353881,0.000492086,0.007447675,0,0,0,0,0,0.008551928,0.028378738,0,0,0.87,0,0.844760759,0.619898694
BN___15,0,0,0,0,0.045377653,0.01736925,0.00560584,0,0,0.025694312,0,0.004085806,0,0,0,0,0,0.006233529,0.025701857,0,0,0.87,0,0.860295857,0.590660908
DBN_M_Y_160,0.005254672,0.001068664,0,0,0.015885583,0.004188296,0,0,0.008625532,0,0,0.039131041,0,0,0,0,0,0,0.056029416,0,0,0.87,0,0.608043907,0.960398322
DBN_F_A_161,0.020736553,0,0,0,0.023531609,0,0,0,0,0.011599385,0,0.026651139,0,0,0,0,0,0.007118271,0.041621181,0,0,0.87,0,0.719417511,0.817534437
D___131,0.031362725,0,0,0,0.022545331,0.02520773,0.008584051,0,0,0,0.043669055,0,0,0,0,0,0,0,0,0,0,0.87,0,0.643488785,0.916205663
BN___4,0,0.013775537,0.001872086,0,0.040390379,0,0.021007918,0.007450337,0,0.006092987,0,0.000756051,0,0,0,0.027130276,0.001346298,0.006896929,0.00484054,0,0,0.87,0,0.752832189,0.769273118
D___134,0.028154903,0,0,1.41165704794527e-05,0.011409056,0.023947143,0.016307274,0,0,0,0.037826901,0,0,0,0,0,0,0,0.014305572,0,0,0.87,0,0.598694482,0.969083512
D_M__80,0.034644299,0,0,0,0.043632694,0,0.012069578,0,0,0.007480147,0.005758495,0,0,0,0,0.013598447,0,0,0.016845356,0,0,0.87,0,0.758570402,0.759165527
D_M__77,0,0,0,0,0.025968996,0,0.00819176,0,0,0,0.025944954,0,0,0.005160031,0,0,0,0,0.026364518,0,0.042933676,0.87,0,0.821625892,0.662907592
D___129,0.007637175,0.000449965,0,0,0.003301352,0.015392915,0,0.02457275,0,0.012658406,0,0,0,0.072098877,0.001012248,0,0,0,0,0,0,0.86,0.001,0.419522158,1.165585159
D___137,0,0.009121886,0,0,0.010415861,0.04373578,0.01543325,0.015619119,0,0.015671153,0,0.003840061,0,0,0,0,0,0.006454816,0.019048107,0,0,0.86,0,0.879761462,0.545220235
BN___23,0.015566206,0,0,0,0.064787625,0,0.002930669,0,0,0.017596033,0.010780588,0,0,0,0,0,0,0.008428917,0.022706716,0,0,0.86,0,0.823663442,0.649581209
BN___20,0.010722679,0,0,0,0.041192969,0.009750892,0.017168745,0.000811533,0,0.028601769,0,0.004963928,0,0,0,0,0,0.006178227,0.025491209,0,0,0.86,0,0.791734119,0.701086258
BN___7,0.000919657,0,0,0,0.039831893,0,0.025303288,0.000833308,0,0.019251057,0.025267612,0,0,0.028062804,0,0,0,0.004874656,0.000555023,0,0,0.86,0,0.737453357,0.78545667
DBN_F_O_164,0.010354577,0,0,0.008082217,0,0,0,0,0.018134125,0,0,0.050242427,0,0,0,0,0,0,0.0602836,0,0,0.85,0,0.598969129,0.959840531
BN___3,0,0.010976049,0,0,0.028018428,0,0.027717231,0.01222432,0,0.010482814,0.016688391,0,0,0,7.40332412926004e-05,0.034826707,0.002176911,0.002797798,0.001360961,0,0,0.85,0,0.776017939,0.725020786
D_F_A_66,0.015142276,0,0.001737472,0,0.054668873,0,0.023382328,0,0,0.010291691,0.028618214,0,0,0,0,0,0,0.000423804,0.013914845,0,0,0.85,0,0.763689319,0.741897084
BN___56,0.023809488,0,0,0,0.033314875,0,0,0,0,0.008196592,0,0.022190721,0.011568888,0,0,0,0,0,0.049859962,0,0,0.85,0,0.545904141,1.020322456
BN___10,0.010635006,0,0,0,0.013505869,0,0.011630798,0,0,0,0.036592513,0,0,0,0,0,0,0.007826359,0,0.008877891,0.061714459,0.85,0,0.651217405,0.901643875
BN___50,0.006016533,0,0,0,0,0.041601863,0.007656732,0,0.001030855,0,0.051023885,0,0,0,0,0,0,0.007523698,0,0.036102693,0,0.85,0,0.674838219,0.865127945
D_M_A_62,0.029918384,0,0.005170673,0,0.022559727,0.05110785,0,0.001380054,0,0.009377103,0,0.009176042,0,0,0,0,0,0.011633603,0.013688532,0,0,0.85,0,0.646477605,0.896939215
BN___12,0.076452179,0,0.008295248,0,0,0.02201907,0.022681273,0,0,0,0.019065785,0,0,0.000269252,0,0,0,0,0.005387232,0,0,0.85,0,0.544946605,1.014087596
DBP_F__170,0.002621713,0.000966385,0,0,0.021321231,0,0,0.00026101,0.00884762,0,0,0.046010174,0.011679542,0,0,0,0,0.006264894,0.056470792,0,0,0.85,0,0.580062215,0.978728794
D___97,0,0.004801,0,0,0.024519445,0.070381776,0,0,0,0,0.018475617,0.002396188,0,0,0,0.013893833,0,0.00314973,0.017261617,0,0,0.85,0,0.787261202,0.702200826
BN___1,0,0.009056134,0,0,0,0.019555236,0.022841542,0.022522217,0,0.011976547,0,0.004697108,0.02593984,0,0,0,0.001541804,0.008771947,0.029917648,0,0,0.84,0,0.758794795,0.748191437
D___132,0.027427284,0,0,0,0.039370375,0.032614806,0,0,0,0,0.045336675,0,0,0,0,0,0,0.002378476,0.009763225,0,0,0.84,0,0.692498254,0.837014553
BN___18,0.004616781,0,0.008395497,0,0.04865689,0.007133964,0.01856905,0,0,0.031361499,0,0.006014119,0,0,0,0,0,0.005055011,0.028834879,0,0,0.84,0,0.788436501,0.697831412
BN___38,0.006926417,0,0.007220536,0,0,0.020290665,0.004538235,0.013311348,0,0,0.029760227,0,0,0,0.001687716,0,0.004718039,0,0.013377746,0,0.05681537,0.84,0,0.815359952,0.659892341
BN___17,0,0.007523991,0,0,0.03078443,0.023601091,0.019655394,0.005098975,0,0.024182845,0.021844791,0,0,0,0,0.006971866,0,0.012925566,0.006383385,0,0,0.84,0,0.745519011,0.762906765
BN___21,0.002429498,0,0,0,0.046630277,0,0.016238528,0,0,0.0145223,0.013003086,0,0.034829205,0,0,0,0,0.010234883,0.022343051,0,0,0.84,0,0.837793654,0.620405874
BN_M_A_44,0,0,0,0,0,0.040296737,0,0.02710057,0,0,0,0.010489716,0,0,0.001126795,0,0.004556613,0,0.018931362,0,0.058307994,0.84,0,0.763114497,0.741469796
D___93,0,0,0,0,0.065969521,0.06039474,0.005846932,0,0,0,0.030192509,0,0,0,0,0,0,0,0,0,0,0.84,0,0.742054106,0.765490863
BN_M_A_49,0.004833151,0,0,0.007350506,0.018208452,0.030907888,0,0,0.008505476,0,0.043138802,0,0,0,0,0.002203851,0,0.009721273,0,0.02864817,0.010548068,0.84,0,0.534406846,1.02159546
D_M_A_67,0.028531106,0,0.006455118,0,0.039113474,0.043782506,0.01856029,0,0,0.007267386,0.016388661,0,0,0,0,0,0,0.004046483,0,0,0,0.84,0,0.750297028,0.751802082
BN_F_O_34,0,0.005993,0,0,0.000175578,0.019948121,0.009768824,0,0,0,0.019297488,0,0,0.000350918,0,0,0,0,0.00902176,0,0.103737648,0.83,0,0.796132306,0.691956997
D___95,0,0.004488489,0,0,0.037506516,0.077677772,0.005675638,0,0,0,0.017863927,0,0,0,0,0.010240829,0,0.002141841,0.014227518,0,0,0.83,0,0.792979007,0.684322821
BN___8,0.007306663,0,0,0,0,0.018783035,0.003682106,0,0,0.0034764,0.032690231,0,0,0.017633462,0,0,0,0,0,0.004239957,0.083048888,0.83,0,0.697807813,0.833254502
BN_F_A_41,0,0,0.012225747,0.003914431,0,0.092484443,0.013805714,0.000222741,0,0,0,0.024843182,0,0,0,0,0.000337275,0.005358826,0.021037056,0,0,0.83,0,0.746317762,0.751185976
D___96,0,0,0,0,0.059856632,0.030868561,0.008527552,0,0,0,0.045407785,0,0,0,0,0,0,0.002327716,0,0.030771292,0,0.82,0,0.785392762,0.693182425
DBN_F_A_168,0.027232656,0,0,0,0.006508895,0.005743603,0,0,0.015968233,0.013800105,0,0.045871178,0,0.004481473,0,0,0,0.008516328,0.050712099,0,0,0.82,0.001,0.461248176,1.085898107
BN___5,0,0,0.009430701,0,0,0.020009655,0.019330985,0.017172815,0,0.007826567,0,0.002823236,0.068676961,0,0,0,0.002314236,0.014827346,0.01806127,0,0,0.82,0,0.780035413,0.710037018
BN___6,0,0,0.003948917,0,0,0.037528406,0.01589249,0.013769129,0,0.007481326,0,0.011876002,0.063148073,0,0,0,0,0.012577309,0.014464151,0,0,0.82,0,0.770170304,0.724281394
BN_F_Y_47,0,0,0,0,0,0.002311094,0.006364652,0.016161127,0,0,0.027890923,0,0,0,0.002256452,0,0.007902774,0,0.015952301,0,0.107952787,0.81,0,0.783654439,0.701834626
D___94,0,0.003751257,0,0,0.04541253,0.090841319,0.002593028,0,0,0,0.036542999,0,0,0,0,0.009047088,0,0.002184243,0,0,0,0.81,0,0.795342664,0.670281626
BN___2,0,0,0,0,0.011734131,0.02860282,0.019455254,0.014342387,0,0.019366272,0,0.004584445,0.061317281,0,0,0,0,0.010852134,0.024281159,0,0,0.81,0,0.75183511,0.743457552
DBN_M_Y_165,0.000126932,0,0,0,0,0.029751914,0,0.000188325,0.013396583,0,0,0.051465856,0.023491934,0.028955313,0,0,0,0,0.053692327,0,0,0.8,0,0.579042255,0.954173425
BN_M_A_45,0,0,0,0.003216707,0,0.049275437,0.002398549,0.017474768,0,0,0.012342225,0,0,0,0.00071096,0,0.003001403,0,0.023946916,0,0.089054249,0.8,0,0.792110059,0.677459057
D___92,0,0,0,0,0.088015663,0.080767866,0.003727709,0,0,0,0.014952349,0,0,0,0,0,0,0.001797793,0.014148243,0,0,0.8,0,0.764580054,0.710143217
DBN_F_A_158,0.027944224,0,0,0,0.009692461,0.002221026,0,0,0.015556445,0.015838984,0,0.052600422,0,0.011515462,0,0,0,0.008211577,0.061050606,0,0,0.8,0.001,0.454503955,1.075647677
D_M_Y_98,0.04130598,0,0.00028015,0,0.019010972,0.015614542,0.020771075,0,0,0,0.034623201,0,0.038149774,0.022170304,0,0,0,0,0.013145664,0,0,0.79,0,0.644602268,0.876554595
BN_M_A_48,0.059869678,0,0,0,0.0172905,0.05978439,0.016270103,0,0,0,0.047234305,0,0,0,0,0,0,0.007598257,0,0,0,0.79,0,0.57726968,0.943641625
D___126,0.001071886,0,0,0,0.044807593,0.040789926,0,0,0,0.003451535,0.008702533,0,0,0,0,0,0,0,0,0.118715079,0,0.78,0,0.517632029,1.008542786
BN_F_Y_46,0.021556438,0,0,0.004753878,0,0.03074157,0.007524786,0,0,0,0.038527403,0,0,0,0.001783135,0,0.008349504,0.005905549,0.014064542,0,0.08560014,0.78,0,0.844994851,0.580526687
DBN_M_A_167,0.026778319,0,0,0,0.014219193,0,0,0,0.017707019,0.016380482,0,0.034448777,0.023954503,0.028784992,0,0,0,0.0083572,0.051309846,0,0,0.78,0,0.534755349,0.988868996
DBP_F__169,0.025539815,0,0,0,0.019176644,0,0,0,0.015940575,0.016435305,0,0.037383083,0,0.060603405,0,0,0,0.007188075,0.045506249,0,0,0.77,0,0.475015765,1.044401017
BN_F_O_43,0,0,0,0,0,0.068856941,0.004803452,0,0,0.003267352,0,0.008937119,0,0.006750456,0,0,0,0,0.040585807,0,0.096700894,0.77,0,0.779351196,0.684255529
D_M_A_121,0.034931672,0,0,0,0.007182541,0.019656055,0,0,0.000373633,0,0.061611071,0,0.056422228,0,0,0,0,0,0,0.053764082,0,0.77,0,0.513616396,1.009426021
DBN_F_A_163,0,0,0,0,0.045433666,0,0,0,0.004223133,0.019999601,0,0.015709114,0.099359014,0,0,0,0,0.007292166,0.048229009,0,0,0.76,0,0.788420863,0.672215508
DBN_F_A_166,0.052286518,0,0,0,0.019386957,0,0.00241944,0.017764302,0,0.012512956,0.010944354,0,0.067668992,0.05349399,0,0,0,0.004711514,0.002585446,0,0,0.76,0,0.6460097,0.86165735
D___133,0.022176817,0,0,0.01252682,0.015921588,0.080173922,0.004232306,0,0,0,0.036929849,0,0,0.001132974,0,0,0,0,0.028702916,0,0.042259853,0.76,0,0.550292339,0.955148467
D_M_Y_122,0.003200475,0,0,0.020088178,0,0.043886527,0,0,0.002892296,0,0,0.025625504,0,0,0,0,0,0.003748909,0,0.133003576,0.018041677,0.75,0.003,0.340838017,1.158500055
D_M_A_123,0.028778376,0,0,0.012750774,0,0.10632966,0.01416082,0,0,0,0.095564024,0,0.005874248,0,0,0,0,0.000219794,0,0,0,0.74,0,0.563630688,0.929130967
BN___39,0,0,0.005080633,0.004235722,0,0.050383788,0,0,0,0,0.054286894,0,0,0,0.003964191,0,0.008344444,0,0,0.033637212,0.104034792,0.74,0,0.745158889,0.720336219
DBN_F_Y_150,0.047923718,0,0,0,0.044156265,0.016276108,0.017092122,0.018389821,0,0.030261169,0,0,0.055600235,0.03593617,0,0,0,0.008048529,0.021290355,0,0,0.71,0,0.890191265,0.468634536
D_F__87,0.015947936,0,0,0,0,0.090071784,0,0,0,0,0,0,0,0.009045512,0,0,0,0,0,0.105746167,0.079703966,0.7,0,0.574033697,0.909381286
D_M_A_119,0.033561931,0,0,0.043243781,0,0.08659023,0,0,0.00430121,0,0.042049256,0.014220551,0,0,0,0.002327039,0,0,0,0.045792031,0.044268956,0.68,0.001,0.426489391,1.035752455
D_F__83,0,6.9333538176164e-05,0,0,0.023376417,0,0.00557672,0,0,0.011809982,0.028252415,0,0.23268245,0.017629689,0,0,0,0.000145264,0,0,0,0.68,0,0.583951241,0.921645753
BN___11,0.029846494,0,0,0.069588008,0,0.070281649,0,0,0,0,0.120148505,0,0,0,0,0,0,0,0,0.031542228,0.030082411,0.65,0.002,0.346577416,1.08579317
D___89,0.008113661,0,0,0,0.032482382,0,0,0,0.012197731,0.015094182,0,0.01856894,0.010001778,0.020020105,0,0,0,0.005751249,0,0.182056871,0.054531376,0.64,0,0.508465459,0.955841786
BN___13,0.030478183,0,0,0.026296234,0,0.173055539,0,0,0,0,0.043392221,0,0,0.00641849,0,0,0,0,0.011804668,0,0.07262802,0.64,0,0.480454586,0.963476891
D_F__86,0.069591024,0,0,0,0,0.071656501,0,0,0.016230832,0,0,0,0,0.006794819,0,0,0,0.001759117,0,0.145841948,0.083874758,0.6,0,0.563066352,0.880544311
D_F_O_65,0.025285527,0,0,0,0.042669941,0.176229653,0.004419009,0,0,0,0.046264936,0,0.053768551,0.012478403,0,0,0,0.002529415,0.017263416,0,0.0502244,0.57,0,0.719826215,0.702402509
D___100,0.048537952,0,0,0.030313294,0.049714211,0.03994913,0.002938391,0,0.004005056,0,0.088301025,0,0.12490551,0.001737791,0,0,0,0,0.024596194,0,0.025141347,0.56,0,0.698630744,0.728679996
D_F__88,0.0052162,0,0.003519227,0,0.023127035,0,0,0,0.017012146,0,0,0.015260941,0,0.00908021,0,0,0,0.001998531,0,0.270155667,0.11946912,0.54,0,0.569348235,0.870757624
D_M_O_99,0.021467184,0,0,0.106874722,0.033273836,0.170553877,0,0,0,0,0.148050923,0,0.134649061,0,0,0,0,0,0.002100377,0,0.037161,0.35,0,0.651175739,0.759453164
D___127,0.033022562,0,0,0.001340384,0,0.094161826,0,0,0,0,0.022716573,0.018306489,0.136743814,0,0,0,0,0.000352583,0,0.156020801,0.209392287,0.33,0.003,0.336732616,0.994945662
D_F_A_124,0.096447295,0,0,0.011822339,0,0.134467448,0.00523754,0,0,0,0.068412271,0,0.018786795,0.018877836,0,0,0,0,0,0.048275416,0.320670237,0.28,0.002,0.354046653,0.964913088
D_F_Y_125,0.12682529,0,0,0.009024527,0,0.115713089,0,0,0,0,0,0.026931809,0,0,0,0,0,0.000372602,0,0.126243711,0.398705339,0.2,0.003,0.336087134,0.974837378
D_F__84,0.02011193,0,0,0,0.024887295,0,0,0,0,0.000508359,0.038751476,0,0.651307025,0.037923186,0,0,0,0.002359585,0,0.030470929,0,0.19,0,0.729613401,0.683469099
D_F__85,0,0,0,0,0.014973857,0.017991588,0.001608882,0,0,0,0.01989108,0,0.722277427,0.034306487,0,0,0,0.002692658,0,0,0,0.19,0,0.764185564,0.645026669
D___69,0.034542445,0,0,0.107791008,0.068611655,0.102088823,0,0,0.008811136,0,0.008401654,0.06652017,0.040713264,0,0,0,0,0.031526699,0,0.327066548,0.060447895,0.14,0.001,0.452301653,0.902925019
D___70,0.04396896,0,0,0.092438471,0.080688967,0.088692655,0,0,0.012902018,0,0.020705697,0.052875634,0.037485131,0,0,0,0,0.03318505,0,0.332858364,0.062332143,0.14,0.001,0.452497178,0.902257474
D___68,0.016084634,0,0,0.116850701,0.088788323,0.103094735,0,0,0.001852365,0,0.006952142,0.06556141,0.043442612,0,0,0,0,0.036606996,0,0.30972221,0.072677098,0.14,0.001,0.447490112,0.904308471
D_F_Y_61,0.048331919,0,0,0.011867607,0.048210565,0.136906565,0.007872089,0,0,0,0.066482882,0,0.547902972,0,0,0,0,0.000124895,0.019522851,0,0,0.11,0,0.806790107,0.623851023
D_M_A_120,0.090955611,0,0,0.086297801,0,0.088431145,0,0.004571844,0.011721242,0,0.006485921,0.072131299,0.075946437,0.005072962,0,0,0,0,0,0.18484488,0.272642658,0.1,0.005,0.294236698,0.984526308
DBN___146,0.048257971,0,0,0.039143168,0.117682288,0.262456653,0.026967011,0,0,0,0.132536137,0,0.287757029,0,0,0,0,0.001279945,0.002514886,0,0.013138964,0.07,0,0.475131379,0.879663414
BN___57,0.030130697,1.63805766852087e-05,0,0,0.031234156,0.10553615,0,0,0.005093799,0,0.073369187,0,0.689039265,0.015183085,0,0,0,0.006526955,0.013785167,0,0,0.03,0,0.807254361,0.611511747
DBN___147,0.066387519,0,0,0.00180848,0.057972243,0.524819207,0,0,0,0,0.177946371,0,0.08063155,0,0,0,0,0.001717868,0,0.051136293,0.014700907,0.02,0.001,0.415996778,0.918416226
D_F_A_60,0.029505919,0,0,0,0.056139789,0.139275406,0,0,0,0,0.085389022,0,0.646780528,0.01747738,0,0,0,0.005959841,0,0,0,0.02,0,0.836928227,0.590204096
BN___58,0.027334307,0.001099472,0,0.006638127,0.009125878,0.016757723,0,0,0,0,0.039074438,0,0.852919128,0.011102453,0,0,0,0.000462732,0.024009375,0,0,0.01,0,0.830588095,0.561679085
DBN_M_Y_149,0.038165623,0,0.000819643,0,0,0.517919177,0.005379528,0,0,0,0.229255118,0,0.150147508,0,0,0.004923319,0,0.001610798,0,0.014625231,0.030688371,0.01,0.003,0.341234629,0.963057028
D_F_O_59,0.076547076,0,0.000838394,0.028319529,0.132804537,0.192493017,0.011065366,0,0,0,0.056201748,0,0.482190265,0.006347516,0,0,0,0,0.013192552,0,0,0,0,0.720765217,0.721067789
DBN___148,0.357825698,0,0,0.012331511,0,0.512367076,0,0,0,0,0,0.063396738,0.019598845,0.012659735,0,0,0,0.007046301,0.010725912,0,0.004048185,0,0.402,0.031079977,1.129114749
